time,wind_speed,wind_direction,power,density,temperature,pressure
2007-01-05 04:00:00+00:00,11.086627,296.17706,12.901665,1.2015673,267.41263,94790.336
2007-01-05 05:00:00+00:00,10.729571,294.31808,12.389862,1.2037779,266.99454,94837.09
2007-01-05 06:00:00+00:00,10.219896,291.5205,11.426994,1.205353,266.67477,94887.914
2007-01-05 07:00:00+00:00,10.484376,291.0436,11.911109,1.2067786,266.71906,94953.375
2007-01-05 08:00:00+00:00,11.020934,289.37354,12.8359995,1.2083049,268.22073,95006.18
2007-01-05 09:00:00+00:00,11.065472,288.04782,12.908771,1.2100788,268.12915,95045.84
2007-01-05 10:00:00+00:00,9.99157,291.75253,10.900689,1.211797,266.10684,95102.53
2007-01-05 11:00:00+00:00,9.152904,294.8112,8.784645,1.2137793,265.13785,95184.02
2007-01-05 12:00:00+00:00,9.424661,292.73062,9.496845,1.2154788,264.87585,95271.99
2007-01-05 13:00:00+00:00,10.250164,293.88605,11.445439,1.216772,265.32248,95345.69
2007-01-05 14:00:00+00:00,11.055055,294.85367,12.930572,1.2184068,265.54895,95385.75
2007-01-05 15:00:00+00:00,10.339921,296.67697,11.6752405,1.2204795,265.4497,95431.836
2007-01-05 16:00:00+00:00,9.401433,293.74625,9.482909,1.2215877,267.3163,95491.19
2007-01-05 17:00:00+00:00,8.142322,292.81613,6.3578525,1.2212067,269.68372,95530.94
2007-01-05 18:00:00+00:00,7.12433,290.77225,4.12149,1.2188816,270.70834,95571.305
2007-01-05 19:00:00+00:00,7.403584,287.9683,4.6356497,1.2171572,271.1964,95621.34
2007-01-05 20:00:00+00:00,8.099659,288.90698,6.138155,1.2168027,271.10715,95659.96
2007-01-05 21:00:00+00:00,8.730372,286.5665,7.698959,1.2173997,269.6064,95698.41
2007-01-05 22:00:00+00:00,10.382415,285.8826,11.792076,1.2192413,266.435,95733.35
2007-01-05 23:00:00+00:00,10.887496,289.30542,12.697053,1.2210732,265.54163,95795.305
2007-01-06 00:00:00+00:00,11.25137,291.13095,13.23468,1.2221683,265.66956,95859.695
2007-01-06 01:00:00+00:00,11.304797,291.3266,13.324773,1.2248012,265.2812,95904.03
2007-01-06 02:00:00+00:00,11.117443,296.16214,13.057246,1.2263862,264.83188,95911.04
2007-01-06 03:00:00+00:00,10.792863,297.87595,12.58712,1.227725,264.07904,95907.46
2007-01-06 04:00:00+00:00,10.695643,296.89932,12.4491625,1.2288171,263.6215,95896.78
2007-01-06 05:00:00+00:00,10.353357,295.2261,11.8640585,1.2308978,262.89664,95886.94
2007-01-06 06:00:00+00:00,9.476235,290.30264,9.724189,1.2314466,262.49222,95865.19
2007-01-06 07:00:00+00:00,8.361653,276.1578,6.828659,1.2326359,261.89954,95830.164
2007-01-06 08:00:00+00:00,8.493131,262.7261,7.1723742,1.2315413,261.16223,95786.375
2007-01-06 09:00:00+00:00,8.779981,251.92744,7.893912,1.2280108,261.29138,95720.07
2007-01-06 10:00:00+00:00,8.938221,236.07393,8.320561,1.2292134,261.18762,95634.93
2007-01-06 11:00:00+00:00,8.762044,226.68236,7.8560443,1.229548,261.35062,95556.57
2007-01-06 12:00:00+00:00,9.587539,221.46143,9.983736,1.226595,261.7844,95485.84
2007-01-06 13:00:00+00:00,10.038091,213.59221,11.122897,1.2270783,262.23004,95392.07
2007-01-06 14:00:00+00:00,10.523591,217.71576,12.177051,1.2258635,262.54385,95306.93
2007-01-06 15:00:00+00:00,10.280009,219.65132,11.654491,1.225155,264.52246,95249.18
2007-01-06 16:00:00+00:00,10.347206,223.93605,11.831608,1.2183311,268.0628,95200.875
2007-01-06 17:00:00+00:00,10.074314,225.714,11.110732,1.2136706,269.98203,95135.34
2007-01-06 18:00:00+00:00,10.740761,225.12502,12.429405,1.2101649,270.92398,95062.164
2007-01-06 19:00:00+00:00,10.059356,221.77441,11.014476,1.2067779,271.4047,95023.414
2007-01-06 20:00:00+00:00,8.831806,219.6715,7.868265,1.2025081,271.78546,94973.37
2007-01-06 21:00:00+00:00,9.753526,214.46039,10.212548,1.1980976,271.75507,94925.91
2007-01-06 22:00:00+00:00,11.310154,206.31891,13.164226,1.1968646,268.52792,94881.73
2007-01-06 23:00:00+00:00,11.867836,202.0799,13.642059,1.1975127,268.06888,94867.01
2007-01-07 00:00:00+00:00,12.045407,206.67628,13.715972,1.1992893,267.27704,94854.57
2007-01-07 01:00:00+00:00,11.895375,214.1917,13.657149,1.2005194,266.74625,94854.26
2007-01-07 02:00:00+00:00,12.234879,226.2743,13.793094,1.1998527,266.13638,94857.164
2007-01-07 03:00:00+00:00,11.452979,238.02277,13.331912,1.2008741,265.68307,94863.96
2007-01-07 04:00:00+00:00,10.688232,252.22124,12.325683,1.204257,266.12155,94916.68
2007-01-07 05:00:00+00:00,11.619308,275.2856,13.338947,1.2070693,267.10855,94983.21
2007-01-07 06:00:00+00:00,13.541797,287.9674,13.976953,1.2097021,269.32217,95066.375
2007-01-07 07:00:00+00:00,12.929191,291.21658,13.946477,1.2145274,269.1675,95189.37
2007-01-07 08:00:00+00:00,12.648671,296.22702,13.930358,1.2181844,268.69144,95322.04
2007-01-07 09:00:00+00:00,13.055585,293.16452,13.959327,1.220146,268.36874,95422.59
2007-01-07 10:00:00+00:00,13.266114,295.79395,13.967945,1.2221583,268.52155,95531.85
2007-01-07 11:00:00+00:00,12.557842,298.73022,13.917815,1.2245382,267.9822,95649.73
2007-01-07 12:00:00+00:00,12.704021,302.24637,13.934921,1.2261192,268.32776,95766.77
2007-01-07 13:00:00+00:00,12.744786,297.46716,13.920757,1.2284914,267.56613,95860.38
2007-01-07 14:00:00+00:00,14.201493,295.88654,13.995861,1.2320744,267.21765,95919.82
2007-01-07 15:00:00+00:00,14.182933,298.54944,13.996524,1.2364508,266.83157,95989.85
2007-01-07 16:00:00+00:00,13.192731,299.01627,13.954259,1.2379414,267.29184,96070.27
2007-01-07 17:00:00+00:00,11.228669,300.6039,13.133431,1.236226,268.06116,96105.06
2007-01-07 18:00:00+00:00,9.372213,294.2008,9.473208,1.2347914,268.57535,96101.48
2007-01-07 19:00:00+00:00,8.2723055,287.69778,6.6177964,1.2328496,268.91183,96068.82
2007-01-07 20:00:00+00:00,8.101638,285.02347,6.2053375,1.2299858,269.01413,96016.87
2007-01-07 21:00:00+00:00,8.365369,277.6605,6.8173594,1.2288435,267.2759,95971.09
2007-01-07 22:00:00+00:00,8.852878,269.8336,8.086317,1.227919,264.31003,95907.62
2007-01-07 23:00:00+00:00,8.836414,262.14194,8.0336485,1.2264879,263.1809,95841.16
2007-01-08 00:00:00+00:00,9.122759,258.30035,8.779679,1.2248355,262.73486,95780.27
2007-01-08 01:00:00+00:00,8.29949,260.46854,6.629359,1.2231046,262.40103,95700.31
2007-01-08 02:00:00+00:00,7.6313987,266.26935,5.153136,1.2225052,262.3331,95611.35
2007-01-08 03:00:00+00:00,6.3562183,266.36026,2.9245431,1.2231855,262.79178,95517.88
2007-01-08 04:00:00+00:00,5.3534493,262.4512,1.6316255,1.2220106,264.03696,95444.26
2007-01-08 05:00:00+00:00,4.4536376,257.9204,0.85755515,1.2211035,264.78104,95367.28
2007-01-08 06:00:00+00:00,3.253541,245.40776,0.1722507,1.22298,264.62033,95294.72
2007-01-08 07:00:00+00:00,1.8832946,232.31435,0.008599536,1.2256328,264.3121,95247.5
2007-01-08 08:00:00+00:00,1.1574439,245.39801,0.0,1.2276555,264.00156,95235.59
2007-01-08 09:00:00+00:00,0.9201515,302.39862,0.0,1.2287228,264.3743,95241.086
2007-01-08 10:00:00+00:00,1.3308724,134.30896,0.0,1.2349838,264.79715,95253.29
2007-01-08 11:00:00+00:00,2.1309385,57.601154,0.006679051,1.2408482,264.86887,95292.74
2007-01-08 12:00:00+00:00,1.5922794,60.682133,0.0,1.241582,264.93527,95351.945
2007-01-08 13:00:00+00:00,1.9702557,37.941265,0.0032629762,1.2417228,265.03293,95404.13
2007-01-08 14:00:00+00:00,2.375662,39.66193,0.021766556,1.2428931,264.98026,95468.445
2007-01-08 15:00:00+00:00,2.9710562,30.72103,0.066687316,1.2438794,264.88388,95552.0
2007-01-08 16:00:00+00:00,2.7431862,22.146202,0.047765628,1.2449702,265.23306,95661.32
2007-01-08 17:00:00+00:00,2.421677,9.180677,0.025085889,1.2445623,265.60056,95756.31
2007-01-08 18:00:00+00:00,2.550297,269.05753,0.03403372,1.2422069,266.38696,95835.28
2007-01-08 19:00:00+00:00,2.9675634,354.5194,0.06331841,1.2402703,267.09396,95931.57
2007-01-08 20:00:00+00:00,3.3200276,346.0647,0.18654342,1.2395257,267.43552,96021.59
2007-01-08 21:00:00+00:00,3.2409937,337.91464,0.15250513,1.23987,267.4925,96123.375
2007-01-08 22:00:00+00:00,4.407037,340.4089,0.83509713,1.2399604,267.06223,96195.94
2007-01-08 23:00:00+00:00,5.2356124,345.1606,1.54631,1.2407752,266.51755,96297.18
2007-01-09 00:00:00+00:00,6.0833015,339.27908,2.5316799,1.2417698,266.17096,96422.16
2007-01-09 01:00:00+00:00,6.6495895,329.5201,3.426901,1.2430254,266.5883,96545.98
2007-01-09 02:00:00+00:00,7.038985,321.69528,4.1162996,1.2431427,267.09402,96635.625
2007-01-09 03:00:00+00:00,8.139006,312.6752,6.564781,1.2428966,267.5569,96704.98
2007-01-09 04:00:00+00:00,9.348514,314.24332,9.4972,1.2442179,267.76566,96796.84
2007-01-09 05:00:00+00:00,10.084242,313.22296,11.368176,1.2482611,266.5923,96894.96
2007-01-09 06:00:00+00:00,9.405792,312.1976,9.671914,1.2495072,267.11792,96976.91
2007-01-09 07:00:00+00:00,10.108438,301.82648,11.423926,1.2513156,265.47827,97044.43
2007-01-09 08:00:00+00:00,10.759244,302.27658,12.516442,1.2561209,263.73807,97118.51
2007-01-09 09:00:00+00:00,11.174877,300.1169,12.850563,1.261547,261.51425,97152.086
2007-01-09 10:00:00+00:00,12.122504,297.56232,13.821743,1.2663035,262.78806,97166.96
2007-01-09 11:00:00+00:00,12.778373,298.29062,13.951863,1.2696975,262.46625,97184.28
2007-01-09 12:00:00+00:00,12.61807,294.33542,13.941044,1.2720603,262.16635,97221.97
2007-01-09 13:00:00+00:00,11.912395,294.10938,13.740043,1.2720972,261.95407,97230.59
2007-01-09 14:00:00+00:00,9.938736,288.56693,11.0738325,1.2733927,259.87717,97235.4
2007-01-09 15:00:00+00:00,8.704467,280.56058,7.9653645,1.2728039,261.50125,97248.29
2007-01-09 16:00:00+00:00,7.860783,282.19766,5.9055004,1.2715653,263.60013,97254.4
2007-01-09 17:00:00+00:00,6.2608724,280.01404,2.9066775,1.2690535,264.48715,97247.836
2007-01-09 18:00:00+00:00,5.1980543,273.27023,1.5319476,1.2659681,265.09525,97207.93
2007-01-09 19:00:00+00:00,4.7578444,261.13705,1.1266717,1.2620957,265.73282,97158.87
2007-01-09 20:00:00+00:00,4.0869904,253.36525,0.60654646,1.2589566,265.8697,97094.555
2007-01-09 21:00:00+00:00,4.0849013,238.69594,0.58905417,1.2573745,264.12955,97033.51
2007-01-09 22:00:00+00:00,4.5266337,219.86076,0.93144226,1.2563454,261.51132,96969.66
2007-01-09 23:00:00+00:00,5.272345,192.4044,1.6662418,1.2567189,260.21912,96917.625
2007-01-10 00:00:00+00:00,6.0709214,178.84346,2.544668,1.2562395,259.7806,96885.66
2007-01-10 01:00:00+00:00,6.569898,165.72292,3.323228,1.2543694,260.30334,96826.375
2007-01-10 02:00:00+00:00,7.9068255,156.3964,5.897779,1.2552124,262.05432,96738.48
2007-01-10 03:00:00+00:00,8.039545,146.79091,6.1995354,1.2571534,263.78964,96628.23
2007-01-10 04:00:00+00:00,7.7796636,141.49736,5.6228065,1.2554301,264.86966,96532.71
2007-01-10 05:00:00+00:00,8.413203,138.59773,7.0722966,1.2529008,265.2313,96427.34
2007-01-10 06:00:00+00:00,8.951091,135.39977,8.485755,1.2498201,265.5482,96300.16
2007-01-10 07:00:00+00:00,9.434276,135.84294,9.730027,1.2463003,265.9258,96174.26
2007-01-10 08:00:00+00:00,9.687075,136.22008,10.350244,1.243602,266.22592,96050.44
2007-01-10 09:00:00+00:00,10.64586,131.59067,12.427857,1.2410873,266.35947,95896.01
2007-01-10 10:00:00+00:00,10.742543,136.24255,12.555027,1.2375113,266.7549,95748.69
2007-01-10 11:00:00+00:00,11.439392,138.79137,13.372002,1.2368389,266.63107,95648.28
2007-01-10 12:00:00+00:00,12.406063,139.69923,13.853798,1.2365943,266.47134,95543.6
2007-01-10 13:00:00+00:00,11.830711,133.86418,13.679721,1.2376251,265.89456,95410.38
2007-01-10 14:00:00+00:00,11.541339,137.26709,13.537792,1.2323927,266.54004,95280.0
2007-01-10 15:00:00+00:00,10.870925,144.79433,12.613739,1.2286096,267.1349,95174.1
2007-01-10 16:00:00+00:00,9.761571,150.07469,10.385335,1.2256926,267.77982,95100.164
2007-01-10 17:00:00+00:00,8.297719,152.05588,6.695019,1.2231811,268.22794,95009.91
2007-01-10 18:00:00+00:00,7.963808,147.23875,5.8703175,1.2201607,268.56516,94884.25
2007-01-10 19:00:00+00:00,5.5187383,151.69104,1.8715261,1.2176292,269.0105,94852.35
2007-01-10 20:00:00+00:00,4.4236684,144.01077,0.80979544,1.2159344,269.2198,94835.04
2007-01-10 21:00:00+00:00,4.1578946,132.89453,0.626382,1.2148703,269.2053,94815.195
2007-01-10 22:00:00+00:00,3.1235492,126.09991,0.23691404,1.2145207,267.02914,94832.98
2007-01-10 23:00:00+00:00,2.3189223,123.38608,0.016641887,1.2144076,264.47916,94880.97
2007-01-11 00:00:00+00:00,2.6126316,137.735,0.055926967,1.2135735,263.59845,94880.21
2007-01-11 01:00:00+00:00,1.2838145,248.07611,0.00019078817,1.2146889,263.11093,94947.43
2007-01-11 02:00:00+00:00,3.6462157,323.72455,0.45436752,1.2176707,262.2103,94997.93
2007-01-11 03:00:00+00:00,6.9101562,344.6814,4.0825324,1.2253484,262.09964,95048.59
2007-01-11 04:00:00+00:00,9.773267,358.2283,10.551688,1.2416042,262.0657,95146.41
2007-01-11 05:00:00+00:00,9.968027,357.87473,11.122878,1.2531914,260.63315,95267.945
2007-01-11 06:00:00+00:00,9.654308,353.23828,10.379891,1.2616554,259.34042,95392.23
2007-01-11 07:00:00+00:00,8.5993185,342.51883,7.728153,1.2666287,259.72253,95511.48
2007-01-11 08:00:00+00:00,8.006401,335.3445,6.203152,1.2706951,259.50912,95655.46
2007-01-11 09:00:00+00:00,8.813855,335.1614,8.269654,1.2750409,258.59692,95782.56
2007-01-11 10:00:00+00:00,9.410238,334.64536,9.87975,1.2805759,257.37573,95906.47
2007-01-11 11:00:00+00:00,9.6989355,338.06192,10.651117,1.2877744,256.42404,96056.086
2007-01-11 12:00:00+00:00,10.397792,339.4609,12.036891,1.2962183,255.36147,96214.625
2007-01-11 13:00:00+00:00,11.3714,344.7872,13.522134,1.3057805,253.99805,96355.93
2007-01-11 14:00:00+00:00,11.883929,347.4137,13.77144,1.3133646,253.43822,96505.47
2007-01-11 15:00:00+00:00,11.24681,351.21326,13.4054985,1.3196378,252.77116,96643.1
2007-01-11 16:00:00+00:00,10.045917,352.80582,11.663045,1.3239486,252.35179,96766.85
2007-01-11 17:00:00+00:00,8.779116,345.25986,8.494618,1.3262653,252.31792,96866.66
2007-01-11 18:00:00+00:00,8.434487,338.98508,7.5917544,1.3298349,252.01399,96967.37
2007-01-11 19:00:00+00:00,8.958055,335.70883,9.000783,1.3313304,251.84795,97031.0
2007-01-11 20:00:00+00:00,9.03463,332.30704,9.212527,1.3314761,251.91455,97095.85
2007-01-11 21:00:00+00:00,8.932159,332.21634,8.942431,1.3314517,251.92421,97157.27
2007-01-11 22:00:00+00:00,9.179622,334.4944,9.603477,1.3324168,251.68694,97218.53
2007-01-11 23:00:00+00:00,9.01427,334.60464,9.17951,1.3357023,250.78365,97316.414
2007-01-12 00:00:00+00:00,8.415164,337.29483,7.576985,1.3384894,250.56139,97411.72
2007-01-12 01:00:00+00:00,8.233327,340.25278,7.1447206,1.3407892,250.1133,97494.805
2007-01-12 02:00:00+00:00,8.16479,178.8813,7.203834,1.3461558,249.2967,97556.98
2007-01-12 03:00:00+00:00,7.38825,353.66483,5.3859534,1.3531531,248.30025,97628.555
2007-01-12 04:00:00+00:00,6.357207,346.6194,3.2521455,1.3575606,247.85364,97699.81
2007-01-12 05:00:00+00:00,6.7487316,342.55154,3.936555,1.3595928,247.5996,97753.22
2007-01-12 06:00:00+00:00,7.962896,340.33975,6.5231233,1.3613092,247.45587,97801.37
2007-01-12 07:00:00+00:00,7.2974076,337.6381,5.01443,1.3636394,247.04134,97861.41
2007-01-12 08:00:00+00:00,7.4317226,334.99463,5.318786,1.3644524,246.75197,97915.34
2007-01-12 09:00:00+00:00,7.280435,334.99478,5.0334654,1.3647434,246.51093,97963.1
2007-01-12 10:00:00+00:00,5.9094768,327.50558,2.598213,1.3639446,245.74274,97996.6
2007-01-12 11:00:00+00:00,6.134209,324.39957,3.0932286,1.3635188,245.59727,98047.72
2007-01-12 12:00:00+00:00,7.4069037,329.2693,5.3948746,1.3638824,245.80281,98087.695
2007-01-12 13:00:00+00:00,5.5755115,321.0775,2.2025,1.3646075,245.47139,98124.32
2007-01-12 14:00:00+00:00,5.081383,306.39853,1.5705351,1.3647375,245.16869,98145.15
2007-01-12 15:00:00+00:00,3.8165934,298.2966,0.5237542,1.3661455,246.67601,98159.414
2007-01-12 16:00:00+00:00,3.0607636,290.27737,0.11073292,1.3645844,248.26173,98185.13
2007-01-12 17:00:00+00:00,3.106036,286.41837,0.12495134,1.3605732,249.05675,98177.57
2007-01-12 18:00:00+00:00,3.3453848,285.1508,0.2452031,1.355023,250.05623,98155.68
2007-01-12 19:00:00+00:00,3.6917734,273.70956,0.42255726,1.3505429,250.8619,98140.414
2007-01-12 20:00:00+00:00,3.9875057,264.97806,0.5905585,1.3476807,251.28078,98123.94
2007-01-12 21:00:00+00:00,3.6825845,249.56073,0.41511145,1.3453474,250.94647,98099.22
2007-01-12 22:00:00+00:00,4.8682046,243.22961,1.337643,1.3445507,248.5501,98060.086
2007-01-12 23:00:00+00:00,5.810993,231.7087,2.4526992,1.3432698,247.65337,98053.44
2007-01-13 00:00:00+00:00,7.1571116,233.32361,4.6410336,1.3424106,247.40718,98051.16
2007-01-13 01:00:00+00:00,7.8669276,230.34288,6.2169766,1.3412763,247.1346,98037.57
2007-01-13 02:00:00+00:00,8.754243,226.67107,8.4994755,1.3382624,247.10674,97998.9
2007-01-13 03:00:00+00:00,8.940436,230.51744,8.989818,1.3354644,247.09294,97943.43
2007-01-13 04:00:00+00:00,9.353494,232.75787,10.050877,1.3319374,247.20209,97898.03
2007-01-13 05:00:00+00:00,10.043964,231.49059,11.755069,1.3286884,247.44936,97848.97
2007-01-13 06:00:00+00:00,10.751704,230.21284,12.935893,1.3258045,247.73076,97803.5
2007-01-13 07:00:00+00:00,11.190624,230.98962,13.489995,1.3225642,247.95152,97757.414
2007-01-13 08:00:00+00:00,10.65075,229.44942,12.770162,1.3223689,248.23479,97711.79
2007-01-13 09:00:00+00:00,11.051609,230.05302,13.297847,1.320836,248.79036,97661.28
2007-01-13 10:00:00+00:00,11.700374,232.31795,13.726035,1.3167174,249.30896,97595.74
2007-01-13 11:00:00+00:00,12.122777,235.26135,13.882954,1.3128508,250.06213,97550.875
2007-01-13 12:00:00+00:00,11.642167,237.618,13.695619,1.3116454,249.53905,97519.22
2007-01-13 13:00:00+00:00,10.845944,234.24898,12.9946165,1.3125755,249.5848,97474.66
2007-01-13 14:00:00+00:00,10.561561,233.32423,12.600755,1.3135653,249.7561,97424.305
2007-01-13 15:00:00+00:00,10.209766,235.73572,11.935699,1.3123027,252.84361,97374.94
2007-01-13 16:00:00+00:00,9.068124,238.1628,9.134836,1.3046938,256.7604,97334.27
2007-01-13 17:00:00+00:00,7.678549,240.67279,5.626735,1.2989366,258.4106,97275.91
2007-01-13 18:00:00+00:00,7.0424438,239.21248,4.221323,1.2941076,259.28015,97201.37
2007-01-13 19:00:00+00:00,6.945539,238.68452,4.0424266,1.2889135,260.1619,97147.125
2007-01-13 20:00:00+00:00,6.9117126,241.7841,3.9775522,1.2854356,260.53348,97118.28
2007-01-13 21:00:00+00:00,6.986187,243.69536,4.0959,1.2841524,258.57138,97122.09
2007-01-13 22:00:00+00:00,7.1711516,253.2711,4.430848,1.2840563,255.28119,97142.16
2007-01-13 23:00:00+00:00,7.024946,266.2028,4.1768985,1.2846974,253.69368,97195.57
2007-01-14 00:00:00+00:00,6.319141,288.3085,3.034096,1.2880334,252.99963,97260.414
2007-01-14 01:00:00+00:00,5.4170876,322.2336,1.8271757,1.2933408,252.52177,97325.195
2007-01-14 02:00:00+00:00,6.874804,151.40044,4.2112904,1.2933486,252.16528,97381.66
2007-01-14 03:00:00+00:00,11.677678,30.924643,13.4049,1.30479,251.71385,97453.836
2007-01-14 04:00:00+00:00,11.348645,36.408436,13.539382,1.3182793,252.56245,97550.27
2007-01-14 05:00:00+00:00,10.190648,31.630936,11.88457,1.3281226,251.52826,97636.48
2007-01-14 06:00:00+00:00,9.332966,31.613045,10.017739,1.3345813,250.58977,97707.9
2007-01-14 07:00:00+00:00,8.830426,30.967447,8.70398,1.338066,249.92651,97768.94
2007-01-14 08:00:00+00:00,8.987573,33.643547,9.129176,1.3416086,249.74849,97843.164
2007-01-14 09:00:00+00:00,7.8458276,35.221897,6.1726546,1.3449084,250.86499,97922.98
2007-01-14 10:00:00+00:00,6.8809547,31.585886,4.114965,1.3489089,250.41406,97981.875
2007-01-14 11:00:00+00:00,6.2171483,29.892075,2.9934533,1.3514357,250.25484,98048.63
2007-01-14 12:00:00+00:00,5.485185,27.912859,2.0215209,1.3527418,250.15465,98115.09
2007-01-14 13:00:00+00:00,4.300172,22.518831,0.8319494,1.3538164,250.0407,98167.195
2007-01-14 14:00:00+00:00,4.692999,18.19112,1.166126,1.3551008,249.74902,98183.99
2007-01-14 15:00:00+00:00,4.5165305,19.055967,1.0175471,1.3561878,249.88606,98212.29
2007-01-14 16:00:00+00:00,3.8741083,15.271228,0.5325447,1.3542482,250.4743,98245.78
2007-01-14 17:00:00+00:00,3.4814177,8.306572,0.3137684,1.3509022,251.15106,98254.87
2007-01-14 18:00:00+00:00,3.1319673,63.029667,0.13144636,1.3465586,251.93108,98241.44
2007-01-14 19:00:00+00:00,3.0121565,357.95886,0.08823372,1.3423877,252.66734,98226.02
2007-01-14 20:00:00+00:00,3.2524183,354.2804,0.19041716,1.3388647,253.25255,98209.164
2007-01-14 21:00:00+00:00,3.1188564,355.08643,0.12516949,1.3363668,253.52263,98187.5
2007-01-14 22:00:00+00:00,2.6972017,357.6998,0.0489839,1.3346481,252.94514,98157.44
2007-01-14 23:00:00+00:00,2.9535854,295.8921,0.06743473,1.3338041,252.37396,98153.47
2007-01-15 00:00:00+00:00,2.9071677,2.5189512,0.06418578,1.335713,251.68529,98163.086
2007-01-15 01:00:00+00:00,2.4862812,4.626255,0.03391354,1.3379569,250.38011,98154.54
2007-01-15 02:00:00+00:00,2.3827183,322.559,0.026528755,1.3400688,249.55385,98122.414
2007-01-15 03:00:00+00:00,2.676417,339.2257,0.04784062,1.3420628,248.89394,98078.01
2007-01-15 04:00:00+00:00,2.6138692,328.27927,0.04344507,1.3447199,248.3324,98055.73
2007-01-15 05:00:00+00:00,2.5556066,319.4767,0.039338503,1.3470869,247.70348,98029.63
2007-01-15 06:00:00+00:00,2.3313262,308.242,0.023193927,1.3491405,247.15694,97994.62
2007-01-15 07:00:00+00:00,2.030496,297.46506,0.0035852802,1.3514429,246.65239,97971.586
2007-01-15 08:00:00+00:00,2.0989287,288.04486,0.008351174,1.3536206,246.15698,97959.82
2007-01-15 09:00:00+00:00,2.5709474,290.993,0.040797483,1.3546556,245.82689,97942.28
2007-01-15 10:00:00+00:00,2.5938363,293.12448,0.042472932,1.35501,245.6336,97913.06
2007-01-15 11:00:00+00:00,2.2797701,293.1864,0.019739347,1.3559698,245.47998,97902.6
2007-01-15 12:00:00+00:00,2.0788581,299.64688,0.0051997253,1.3568057,245.21623,97902.445
2007-01-15 13:00:00+00:00,2.1653073,294.6201,0.011435337,1.3558868,244.89095,97890.09
2007-01-15 14:00:00+00:00,2.183122,287.9192,0.0127165085,1.3556093,244.67937,97862.4
2007-01-15 15:00:00+00:00,2.343836,289.95804,0.024315352,1.354303,246.17169,97846.445
2007-01-15 16:00:00+00:00,2.2845013,274.9446,0.020529402,1.353068,248.65985,97847.91
2007-01-15 17:00:00+00:00,1.8191713,269.95764,0.0004449548,1.3463054,250.6074,97833.02
2007-01-15 18:00:00+00:00,1.7963215,267.07474,0.0,1.3379107,252.23553,97807.31
2007-01-15 19:00:00+00:00,2.0264904,262.8654,0.0025357674,1.3312966,253.4847,97790.305
2007-01-15 20:00:00+00:00,1.9539981,253.32988,0.0,1.3274504,254.15788,97779.01
2007-01-15 21:00:00+00:00,2.248963,245.69469,0.016475437,1.3256303,253.4225,97775.73
2007-01-15 22:00:00+00:00,2.9244442,250.94775,0.0854553,1.3254806,250.53224,97759.24
2007-01-15 23:00:00+00:00,3.40994,253.1425,0.26617283,1.3265462,249.29443,97758.18
2007-01-16 00:00:00+00:00,3.1423903,250.0301,0.1353923,1.3292376,248.71411,97779.23
2007-01-16 01:00:00+00:00,3.1810558,248.3708,0.15164886,1.33093,248.12688,97786.94
2007-01-16 02:00:00+00:00,3.4676647,242.5374,0.29819503,1.3318478,247.57094,97762.836
2007-01-16 03:00:00+00:00,3.724788,239.73071,0.4304595,1.3318774,247.17012,97733.6
2007-01-16 04:00:00+00:00,3.956487,236.67584,0.552935,1.3323781,246.87206,97725.68
2007-01-16 05:00:00+00:00,4.179031,234.40956,0.71114874,1.3331426,246.6925,97725.22
2007-01-16 06:00:00+00:00,4.186657,229.57597,0.7173235,1.3328534,246.53151,97707.13
2007-01-16 07:00:00+00:00,4.8692565,226.45062,1.3103027,1.3311211,246.36214,97690.125
2007-01-16 08:00:00+00:00,5.7138677,226.41335,2.2469902,1.3277733,246.41728,97677.6
2007-01-16 09:00:00+00:00,6.660455,224.66328,3.667988,1.3246442,246.63268,97657.47
2007-01-16 10:00:00+00:00,7.2608867,221.96606,4.768172,1.3227308,247.10619,97609.48
2007-01-16 11:00:00+00:00,8.175167,218.20815,6.86133,1.3202085,247.6306,97575.22
2007-01-16 12:00:00+00:00,8.828029,216.54564,8.570236,1.3166356,248.24133,97552.94
2007-01-16 13:00:00+00:00,9.157122,211.96,9.432482,1.313516,248.93292,97490.375
2007-01-16 14:00:00+00:00,9.233671,209.63477,9.643456,1.3148676,249.6941,97427.44
2007-01-16 15:00:00+00:00,8.559691,206.86346,7.8193626,1.3125861,253.23735,97357.01
2007-01-16 16:00:00+00:00,7.4732375,205.844,5.169315,1.3052441,256.2747,97296.195
2007-01-16 17:00:00+00:00,6.5616946,204.8011,3.4211626,1.2946192,258.93616,97223.34
2007-01-16 18:00:00+00:00,5.906942,204.14476,2.4011662,1.2843894,260.96432,97118.21
2007-01-16 19:00:00+00:00,6.3278484,202.3181,2.9852715,1.2745603,262.7156,97039.086
2007-01-16 20:00:00+00:00,7.533607,205.21819,5.1491957,1.2674043,263.813,96975.46
2007-01-16 21:00:00+00:00,8.587718,204.99553,7.6050735,1.2628142,263.4425,96914.12
2007-01-16 22:00:00+00:00,10.618714,204.4652,12.169305,1.2598804,260.4015,96841.94
2007-01-16 23:00:00+00:00,11.87164,208.25592,13.72229,1.2576274,260.67453,96786.24
2007-01-17 00:00:00+00:00,11.899934,211.60161,13.733685,1.2574812,260.19162,96757.71
2007-01-17 01:00:00+00:00,12.5746765,218.21199,13.906792,1.2543359,260.23648,96711.47
2007-01-17 02:00:00+00:00,12.840928,221.50562,13.951214,1.2485343,259.82358,96648.06
2007-01-17 03:00:00+00:00,12.400925,221.4164,13.909057,1.24685,259.94016,96560.48
2007-01-17 04:00:00+00:00,12.161048,222.61462,13.822919,1.2441398,260.08786,96503.02
2007-01-17 05:00:00+00:00,11.181766,228.12018,13.125125,1.2412647,259.8484,96443.055
2007-01-17 06:00:00+00:00,10.14241,230.17163,11.461993,1.2393692,259.93246,96384.62
2007-01-17 07:00:00+00:00,10.638642,231.14514,12.323662,1.2413888,259.8496,96345.164
2007-01-17 08:00:00+00:00,11.363365,235.95467,13.401202,1.2404172,260.16733,96323.805
2007-01-17 09:00:00+00:00,11.06787,239.78752,13.044315,1.2399838,259.64426,96302.75
2007-01-17 10:00:00+00:00,10.288899,242.1593,11.673492,1.2411677,260.4628,96264.75
2007-01-17 11:00:00+00:00,10.161778,249.07903,11.491413,1.2403314,261.2883,96227.22
2007-01-17 12:00:00+00:00,9.308375,250.6368,9.359968,1.2404181,261.85184,96199.75
2007-01-17 13:00:00+00:00,8.230553,246.9851,6.6686416,1.241369,262.59546,96164.96
2007-01-17 14:00:00+00:00,7.0198703,237.17583,4.0234394,1.2420574,263.08224,96125.28
2007-01-17 15:00:00+00:00,6.5007396,235.81403,3.2396634,1.2406391,264.59445,96092.164
2007-01-17 16:00:00+00:00,4.8122926,242.24603,1.1540574,1.239193,266.778,96094.23
2007-01-17 17:00:00+00:00,3.8043509,256.28342,0.43078324,1.2349705,268.24115,96053.875
2007-01-17 18:00:00+00:00,3.170884,262.91928,0.11513703,1.2309424,269.21338,96002.52
2007-01-17 19:00:00+00:00,2.9343836,262.62137,0.060307648,1.2281762,269.70218,95957.21
2007-01-17 20:00:00+00:00,3.4458628,268.27606,0.2391686,1.226931,269.7518,95930.96
2007-01-17 21:00:00+00:00,4.96364,277.7536,1.3083898,1.2278426,268.37134,95927.15
2007-01-17 22:00:00+00:00,6.6952853,282.71738,3.45576,1.2294165,267.05447,95897.38
2007-01-17 23:00:00+00:00,7.4099293,300.3544,4.717092,1.2320303,266.4767,95918.13
2007-01-18 00:00:00+00:00,7.0281625,324.72922,4.0094543,1.2283654,266.16138,95958.43
2007-01-18 01:00:00+00:00,7.3942895,331.22116,4.674771,1.2270464,267.1004,95979.41
2007-01-18 02:00:00+00:00,8.203338,326.87854,6.412542,1.2276621,267.86996,95981.24
2007-01-18 03:00:00+00:00,8.476518,332.80453,7.1166687,1.2280768,268.3267,95992.0
2007-01-18 04:00:00+00:00,9.146561,331.47012,8.870151,1.2288798,268.5067,96031.37
2007-01-18 05:00:00+00:00,9.081784,332.60077,8.702916,1.2295415,268.41797,96076.69
2007-01-18 06:00:00+00:00,9.210427,332.26242,9.066719,1.2335862,267.96527,96137.57
2007-01-18 07:00:00+00:00,9.725353,335.58267,10.418448,1.2392818,266.90884,96221.875
2007-01-18 08:00:00+00:00,9.88896,326.65793,10.7508135,1.2460533,265.08698,96311.06
2007-01-18 09:00:00+00:00,9.771623,319.66278,10.377075,1.2523246,261.3682,96393.77
2007-01-18 10:00:00+00:00,9.759573,308.73343,10.631541,1.2589561,260.00143,96447.56
2007-01-18 11:00:00+00:00,9.83483,306.17062,10.864673,1.2650629,258.7412,96510.81
2007-01-18 12:00:00+00:00,9.809665,303.4557,10.828578,1.2692937,258.0889,96580.625
2007-01-18 13:00:00+00:00,10.356212,302.62033,12.089004,1.2723056,258.22717,96637.84
2007-01-18 14:00:00+00:00,10.298989,301.43185,11.981663,1.2751001,257.71115,96674.23
2007-01-18 15:00:00+00:00,9.433084,300.6438,9.917885,1.2768309,259.73874,96703.46
2007-01-18 16:00:00+00:00,9.471227,303.53275,9.9982195,1.2741607,261.71866,96755.945
2007-01-18 17:00:00+00:00,9.024367,298.48926,8.817954,1.2714652,262.6782,96781.195
2007-01-18 18:00:00+00:00,9.092961,291.84146,8.989121,1.2699808,263.10922,96793.1
2007-01-18 19:00:00+00:00,8.786277,292.18912,8.163905,1.2685786,263.41544,96811.414
2007-01-18 20:00:00+00:00,9.353692,294.41388,9.662616,1.2682722,263.3417,96831.79
2007-01-18 21:00:00+00:00,9.423593,292.3899,9.8428545,1.2684124,262.54987,96857.27
2007-01-18 22:00:00+00:00,10.062685,289.726,11.357852,1.2683421,259.24387,96854.445
2007-01-18 23:00:00+00:00,10.460445,292.1558,12.260403,1.2685788,257.7373,96871.0
2007-01-19 00:00:00+00:00,10.756738,294.95157,12.702168,1.2702159,257.39645,96907.555
2007-01-19 01:00:00+00:00,11.497982,302.5983,13.547702,1.2714009,257.3361,96933.414
2007-01-19 02:00:00+00:00,10.5050745,309.08527,12.27713,1.273028,256.85892,96943.63
2007-01-19 03:00:00+00:00,9.247031,315.078,9.41644,1.2744669,256.28128,96941.125
2007-01-19 04:00:00+00:00,8.184574,318.86166,6.623286,1.2756252,255.93733,96961.26
2007-01-19 05:00:00+00:00,7.9815755,322.23032,6.1633015,1.2775294,255.80034,96981.1
2007-01-19 06:00:00+00:00,7.3711724,327.17093,4.8501163,1.2794981,255.3669,96992.77
2007-01-19 07:00:00+00:00,6.4800725,331.7322,3.2457044,1.281602,254.92157,97019.555
2007-01-19 08:00:00+00:00,5.4849334,331.05032,1.9055978,1.2844409,254.14056,97047.164
2007-01-19 09:00:00+00:00,4.316849,323.51694,0.7988382,1.2867863,253.90454,97071.125
2007-01-19 10:00:00+00:00,3.177,314.3821,0.16538668,1.2890207,253.5106,97074.945
2007-01-19 11:00:00+00:00,2.2896502,300.31653,0.017801587,1.292027,253.0414,97094.02
2007-01-19 12:00:00+00:00,1.9877377,279.50058,0.00029728469,1.2944368,252.7014,97128.73
2007-01-19 13:00:00+00:00,1.93866,269.32846,0.00047751385,1.2966475,252.17699,97147.66
2007-01-19 14:00:00+00:00,2.2522376,252.7689,0.015324104,1.2966434,251.8957,97143.53
2007-01-19 15:00:00+00:00,2.5167463,232.41345,0.034074273,1.293398,253.11345,97146.125
2007-01-19 16:00:00+00:00,2.9244432,209.18669,0.089983426,1.2921075,255.20885,97166.27
2007-01-19 17:00:00+00:00,3.260835,194.74919,0.1752552,1.2927889,258.35434,97160.32
2007-01-19 18:00:00+00:00,3.5578356,185.21027,0.32323432,1.2858919,260.36902,97128.195
2007-01-19 19:00:00+00:00,4.2012305,182.9798,0.69520706,1.2790886,261.75098,97099.51
2007-01-19 20:00:00+00:00,4.768437,182.93689,1.1504658,1.2740787,262.48013,97068.305
2007-01-19 21:00:00+00:00,5.780123,186.90923,2.227163,1.2710413,261.2878,97039.086
2007-01-19 22:00:00+00:00,6.9658504,187.99608,4.0509896,1.2689426,258.6527,96982.47
2007-01-19 23:00:00+00:00,8.788792,191.98177,8.179639,1.2667102,257.40396,96948.664
2007-01-20 00:00:00+00:00,9.411883,200.34346,9.804994,1.2676075,257.06952,96940.9
2007-01-20 01:00:00+00:00,8.682748,209.5365,7.8655453,1.2650442,256.8414,96900.305
2007-01-20 02:00:00+00:00,8.456939,210.541,7.2549515,1.2639382,256.96448,96838.88
2007-01-20 03:00:00+00:00,8.8295355,211.82411,8.233783,1.261197,257.19308,96771.51
2007-01-20 04:00:00+00:00,8.357776,209.08919,6.9630947,1.2562609,258.24527,96693.914
2007-01-20 05:00:00+00:00,8.822414,199.68634,8.171969,1.2543498,259.73386,96613.43
2007-01-20 06:00:00+00:00,8.733121,187.84676,7.955607,1.2578411,261.762,96541.71
2007-01-20 07:00:00+00:00,8.692186,180.10846,7.8276677,1.2548417,263.37964,96471.59
2007-01-20 08:00:00+00:00,9.00118,178.32355,8.619038,1.2497567,264.64944,96400.48
2007-01-20 09:00:00+00:00,9.336359,176.40593,9.472272,1.2446162,265.56982,96319.0
2007-01-20 10:00:00+00:00,9.394862,173.14862,9.601625,1.2422197,266.02554,96205.625
2007-01-20 11:00:00+00:00,9.105948,178.59694,8.823701,1.238252,266.36282,96129.63
2007-01-20 12:00:00+00:00,9.351579,180.13092,9.445212,1.2349576,266.11948,96074.164
2007-01-20 13:00:00+00:00,9.894816,187.97719,10.790313,1.2311093,264.93655,96016.03
2007-01-20 14:00:00+00:00,9.898883,196.14467,10.805278,1.2318196,264.44275,95964.6
2007-01-20 15:00:00+00:00,8.542657,208.61504,7.386601,1.2337602,265.92526,95931.72
2007-01-20 16:00:00+00:00,6.7865806,225.93092,3.6569216,1.2312624,267.682,95925.69
2007-01-20 17:00:00+00:00,4.986522,241.49965,1.3369865,1.2271715,269.61093,95915.086
2007-01-20 18:00:00+00:00,4.38553,252.75551,0.7814608,1.2239801,270.4634,95892.51
2007-01-20 19:00:00+00:00,4.08542,271.86066,0.5652155,1.222586,270.7216,95892.43
2007-01-20 20:00:00+00:00,3.805911,286.8892,0.41707715,1.2225237,270.38953,95929.055
2007-01-20 21:00:00+00:00,4.013698,300.41806,0.5529602,1.2240423,268.2236,95957.74
2007-01-20 22:00:00+00:00,4.77793,312.6439,1.1044983,1.2253307,265.13815,95985.664
2007-01-20 23:00:00+00:00,5.963508,335.87778,2.4500206,1.2265372,263.79504,96027.09
2007-01-21 00:00:00+00:00,8.050309,351.07974,6.101334,1.2297105,262.7865,96096.445
2007-01-21 01:00:00+00:00,9.093247,358.14053,8.79758,1.2372288,262.0609,96160.69
2007-01-21 02:00:00+00:00,11.149845,90.34101,13.176154,1.2425116,261.28696,96198.836
2007-01-21 03:00:00+00:00,11.315972,3.6598263,13.432115,1.2453119,260.1779,96217.98
2007-01-21 04:00:00+00:00,11.176198,7.4768543,13.236816,1.2474905,259.45212,96264.52
2007-01-21 05:00:00+00:00,10.1139965,11.456815,11.357182,1.2524675,259.07645,96330.91
2007-01-21 06:00:00+00:00,9.747953,14.149574,10.5845375,1.2558829,259.31226,96392.71
2007-01-21 07:00:00+00:00,10.002822,11.531274,11.227207,1.2584869,260.65817,96455.57
2007-01-21 08:00:00+00:00,8.810561,11.040852,8.194514,1.2630423,261.36273,96523.4
2007-01-21 09:00:00+00:00,8.784841,12.338126,8.134378,1.2644204,261.33243,96578.02
2007-01-21 10:00:00+00:00,8.830619,12.076916,8.260892,1.2650911,261.26276,96603.664
2007-01-21 11:00:00+00:00,8.298863,10.587373,6.8569884,1.2670876,260.72287,96655.24
2007-01-21 12:00:00+00:00,8.226344,6.888687,6.6681046,1.2672895,259.94043,96717.65
2007-01-21 13:00:00+00:00,8.480845,61.165997,7.332737,1.2662436,258.29437,96763.5
2007-01-21 14:00:00+00:00,7.6949553,355.255,5.47312,1.2636126,257.4697,96783.414
2007-01-21 15:00:00+00:00,6.7058616,346.44675,3.5763924,1.2642049,258.5516,96810.57
2007-01-21 16:00:00+00:00,4.965052,330.47144,1.3587159,1.2636946,261.345,96832.695
2007-01-21 17:00:00+00:00,4.1957555,301.30032,0.6679444,1.2615694,263.58826,96833.086
2007-01-21 18:00:00+00:00,3.7590961,286.45297,0.41204676,1.25874,265.31808,96816.836
2007-01-21 19:00:00+00:00,4.001267,281.03598,0.53399557,1.257329,265.77478,96803.18
2007-01-21 20:00:00+00:00,4.7067456,278.5625,1.0856174,1.2573653,265.51767,96788.6
2007-01-21 21:00:00+00:00,6.2341843,274.13486,2.823908,1.2567145,263.8855,96764.19
2007-01-21 22:00:00+00:00,7.9768906,271.8749,6.1643033,1.255845,261.13846,96724.37
2007-01-21 23:00:00+00:00,9.94634,276.65488,11.08326,1.2554184,260.02737,96713.836
2007-01-22 00:00:00+00:00,10.094338,281.0862,11.401887,1.2536254,259.99814,96719.48
2007-01-22 01:00:00+00:00,10.325018,285.01068,11.874433,1.2499475,260.0317,96702.01
2007-01-22 02:00:00+00:00,10.261748,288.38177,11.657245,1.2480501,260.2202,96667.82
2007-01-22 03:00:00+00:00,10.435164,286.47278,11.902439,1.2465286,260.14642,96610.6
2007-01-22 04:00:00+00:00,10.526079,286.83917,12.271675,1.2459078,260.62234,96575.74
2007-01-22 05:00:00+00:00,10.771671,285.56247,12.638291,1.2470185,260.70236,96550.02
2007-01-22 06:00:00+00:00,10.6902685,284.43314,12.520659,1.2475696,260.5186,96516.69
2007-01-22 07:00:00+00:00,10.333395,279.73126,11.929589,1.2485296,260.21695,96480.29
2007-01-22 08:00:00+00:00,9.967655,272.58237,11.095103,1.2491356,259.47217,96443.664
2007-01-22 09:00:00+00:00,10.125573,268.87857,11.482662,1.2474865,259.271,96393.84
2007-01-22 10:00:00+00:00,10.247899,263.2369,11.777743,1.2466737,259.18347,96325.79
2007-01-22 11:00:00+00:00,10.157139,258.90646,11.558261,1.2468891,259.14987,96266.97
2007-01-22 12:00:00+00:00,9.999672,258.38278,11.141053,1.2439343,260.1538,96202.12
2007-01-22 13:00:00+00:00,9.179525,250.0035,9.034543,1.2414235,262.57797,96124.29
2007-01-22 14:00:00+00:00,10.443756,244.19019,12.012052,1.238706,261.5891,96027.555
2007-01-22 15:00:00+00:00,10.507142,248.27525,12.191727,1.2361832,264.29892,95941.56
